fips_code,count
16079,67
33017,88
16073,100
16071,69
16077,69
16075,88
48093,47
06115,71
06111,54
06113,89
01129,15
46111,50
40145,30
02100,11
02105,11
40147,14
19159,53
39109,138
19155,98
39105,89
19157,52
39107,71
19151,25
39101,84
19153,88
39103,134
40029,30
40143,30
48025,54
22009,34
40027,30
22001,49
22003,34
22005,40
13029,60
22007,34
06029,80
06021,51
40023,30
06023,51
06025,48
06027,28
27173,57
27171,115
51600,134
33013,88
21101,10
21103,33
21105,22
21107,10
21109,33
32013,97
32011,94
51840,92
32017,94
32015,97
47081,10
32019,125
26157,149
41001,22
26155,239
42057,48
12019,152
42051,35
26151,164
42053,35
12015,136
12017,135
12011,171
42059,35
12013,25
51115,95
46009,50
55109,37
51111,102
51113,54
46003,50
46007,50
53007,53
46005,50
17031,103
17033,61
48021,91
17035,61
05139,64
05137,76
05135,76
05133,64
05131,64
46117,50
54027,16
26023,114
05003,76
26021,114
05001,76
26027,114
05007,76
26025,152
05005,76
12121,65
12123,25
05009,76
12125,41
12127,250
48261,47
01025,15
01027,15
01021,15
01023,15
01029,15
37009,17
37007,23
37005,17
37003,29
37001,12
48365,36
36029,210
42129,77
48237,36
36023,246
36021,454
36027,401
36025,428
48091,84
42125,77
48235,32
48233,47
51065,73
48149,88
48419,36
48145,50
48147,49
48141,91
48143,39
01111,15
01113,15
01115,15
01117,15
01119,15
45061,76
13059,120
45065,75
45067,76
13053,120
13051,127
13057,193
13055,75
48231,34
01045,15
40073,30
37177,17
37175,17
37173,17
37171,29
37179,23
08053,49
08051,49
48029,97
08057,49
08055,108
08059,142
54089,16
31129,34
31127,34
31125,34
31123,34
31121,34
18149,101
54085,38
37125,17
18141,149
18143,91
18145,118
18147,99
37127,34
37121,17
29109,45
46011,50
05093,76
29101,5
29103,45
37123,17
29105,45
29107,5
55111,205
55113,65
55115,171
55117,79
48303,41
55119,128
34041,64
46013,60
48301,47
48307,92
51161,92
54081,38
48305,47
47035,10
47037,27
47031,10
47033,10
06109,51
06107,76
06105,51
06103,51
06101,71
46137,50
55029,79
19149,73
39171,86
19147,43
39173,153
19145,25
39175,82
19143,46
55023,143
19141,37
54083,16
19185,34
40141,30
30049,40
22019,34
22013,34
22011,34
22017,40
22015,40
46129,50
06039,68
06033,51
06031,68
06037,137
06035,51
27143,59
16065,69
27141,142
16067,81
27147,66
16061,69
27145,104
16063,70
51510,134
27149,55
51530,54
39009,95
16069,69
21113,39
21111,39
21117,33
21115,10
48447,47
21119,10
56045,68
32009,107
32005,150
32007,97
32001,97
32003,135
42021,62
26141,124
42023,40
26143,134
42025,28
26145,162
42027,74
12009,209
42029,38
26149,124
12005,74
12003,91
12001,86
51107,179
51105,54
51103,73
51101,64
51109,103
05109,76
05103,64
05101,76
05107,76
05105,76
13289,61
13287,49
51127,83
13285,49
13283,60
13281,74
46099,60
48121,80
30061,40
48219,47
48127,36
53039,15
30063,50
26039,114
05039,76
49047,45
05037,76
12133,25
05035,76
26037,214
05033,64
26031,124
05031,76
26033,40
49045,56
48229,36
20089,24
20087,24
20085,24
30067,40
20083,24
20081,24
49043,56
01051,15
01053,15
01055,15
01057,15
01059,15
49041,38
36017,386
37019,29
13199,49
36013,210
36011,246
13193,49
37011,17
13191,60
37013,17
13197,120
37015,17
13195,120
37017,17
48311,36
48313,39
48315,36
48317,48
48319,81
48139,37
48429,47
48131,36
48133,47
48135,41
48137,36
47175,10
13067,91
36075,328
13065,60
13063,145
55011,63
13061,49
47177,10
47069,10
13069,60
13265,49
13267,49
13261,60
13263,109
13269,49
42055,52
45089,75
40089,30
48047,102
48217,49
48041,33
48043,47
40081,30
26153,25
40083,30
40085,30
40087,30
20065,24
37161,17
20067,24
37163,17
20061,24
37165,17
20063,24
37167,23
37169,29
20069,24
48351,47
08069,149
08067,71
08065,49
45081,75
08063,79
08061,79
31119,34
31113,34
31111,34
31117,34
31115,34
48211,47
08085,49
08087,108
18159,99
08081,49
26159,162
08083,71
18153,98
18151,141
08089,108
18157,147
18155,90
51117,102
29119,45
29113,65
29111,45
29117,5
29115,45
51033,103
55063,99
51031,121
54059,16
55065,164
51037,102
55103,150
40021,14
55101,74
55107,84
55105,243
51119,73
51035,73
55069,139
48055,82
48363,38
38059,48
02122,11
47025,6
47023,10
47021,27
47029,6
29199,45
17037,40
19179,25
39169,122
17039,75
19173,25
39163,67
19171,43
39161,71
19177,25
39167,89
19175,43
39165,137
22027,34
22025,34
22023,34
22021,34
22029,34
06007,51
06005,71
06003,51
06001,67
06009,51
51620,54
02016,11
02013,11
16011,69
39017,165
16013,70
39015,89
16015,77
27159,54
16017,67
39011,71
16019,69
27155,53
27157,68
27151,60
27153,56
22117,34
21129,22
21127,10
48367,35
21125,33
21123,33
22115,34
21121,33
19087,43
46061,50
40001,30
12039,25
42031,35
46065,50
22111,34
46067,50
42035,28
12033,75
12031,159
42039,35
12037,25
40003,14
12035,183
51133,73
51131,54
51137,93
51135,102
40005,30
51139,83
19089,65
31177,34
40007,30
13299,49
22119,34
13291,74
13293,49
13295,71
51061,134
13297,146
12107,26
12105,148
12103,152
12101,141
02240,11
12109,92
26049,213
05029,76
26041,40
05021,76
26043,40
05023,76
26045,214
05025,76
26047,124
05027,64
20099,24
19095,26
48239,36
20091,36
20093,24
20095,24
20097,24
13185,60
13187,74
13181,60
13183,60
01049,15
13189,60
12129,25
36003,210
36005,459
36007,360
36009,154
45019,75
05115,76
05117,76
05111,76
05113,64
48309,94
05119,76
48435,38
48437,47
48431,38
48433,47
48439,80
53027,30
48129,48
48123,36
30045,40
26029,124
48125,47
13071,60
13073,60
13075,49
13077,85
13079,60
13277,49
13275,46
13273,60
13271,49
45087,75
45085,76
45083,75
13279,60
18099,149
18093,111
18091,134
18097,166
18095,147
27113,66
48057,41
40099,30
48053,99
48051,32
40093,30
40091,14
40097,14
40095,14
20077,24
20075,24
37199,17
20073,24
20071,24
37195,17
37197,29
37191,17
37193,17
20079,24
08079,79
48369,47
08071,79
08073,108
08075,79
08077,60
18167,98
28021,56
18165,98
18163,125
18161,91
28023,56
18169,93
08097,49
08095,79
08093,107
08091,49
28025,56
08099,79
29127,45
48399,49
29125,45
19035,43
29123,45
28027,56
29121,45
51595,54
20139,24
29129,5
19033,43
19031,44
35049,70
35045,59
35047,70
35041,59
35043,59
48391,55
48393,47
55139,100
55137,113
20137,24
55135,99
55133,190
55131,110
31105,34
31107,34
31101,34
31103,34
31109,34
37103,17
47013,6
47011,10
47017,10
47015,10
47019,30
39157,160
19165,43
39155,117
19167,73
27019,133
19161,43
39151,255
19163,69
27015,57
27017,64
27011,55
19169,43
27013,69
53011,54
55009,79
51041,104
55003,65
51580,54
37109,28
55007,65
55005,97
22031,34
22033,40
22035,34
22037,34
22039,43
06011,51
06013,85
06015,51
06017,89
06019,68
51630,131
02068,11
02060,11
06087,76
27129,57
16003,68
39021,101
16001,100
39027,89
16007,69
39025,117
16005,69
27121,57
27123,160
16009,67
27125,65
27127,53
48361,42
21139,22
21131,10
21133,10
21135,22
21137,45
12027,49
12021,50
12023,65
46115,50
51830,95
12029,49
46073,50
42127,28
30081,40
42009,80
46075,50
06085,105
42005,35
46079,50
42003,101
42001,41
42121,76
51125,121
42123,35
51121,92
48027,87
46053,50
40069,30
48023,36
12111,50
12113,74
12115,138
12117,210
12119,76
40063,30
26059,139
17199,61
17197,60
26053,40
17195,61
26051,114
17193,61
26057,163
17191,61
26055,114
48209,92
48203,36
40067,30
41069,39
48207,47
48205,47
17175,80
17177,33
17171,70
40065,14
17173,70
01077,15
01075,15
17179,80
01071,15
51141,54
48339,60
48337,37
48335,47
48333,49
48331,50
48117,59
48115,47
48113,96
48111,47
40153,14
40151,30
48119,30
36001,454
48417,47
48415,47
13089,162
13085,85
13087,49
13081,60
13083,71
26147,167
13243,49
13241,74
13247,97
13245,60
36101,246
13249,49
48411,49
36105,361
36107,304
34031,64
48063,36
48061,91
48067,47
48065,44
48069,47
20043,24
20041,24
20047,24
20045,24
02275,11
37187,17
20049,24
37185,17
37183,40
37181,17
01095,15
01097,15
01091,15
34039,64
01093,15
01099,15
18171,100
18173,77
18175,103
18177,69
18179,153
54035,38
54037,16
54031,16
54033,38
54039,38
29131,45
29133,45
29135,45
29137,45
29139,45
18085,127
18087,86
18081,159
18083,147
18089,126
48097,49
31009,34
40119,30
35059,59
31005,34
06083,34
31007,34
37097,29
31001,34
35053,59
31003,34
35051,59
06081,97
45069,76
40115,14
55129,65
11001,35
48099,43
55121,125
55123,218
55125,103
55127,177
28087,56
28085,63
28083,63
28081,56
31179,34
28089,62
48083,49
51079,83
47009,6
47005,10
47007,10
47001,6
47003,10
19111,25
39141,100
19113,69
39143,104
19115,25
39145,100
19117,43
27009,95
19119,46
27007,58
27005,56
27003,144
27001,62
30097,50
51077,54
49037,38
51057,73
39153,175
49035,84
51051,54
49033,45
02070,11
51053,85
42073,59
27139,130
19029,43
39039,108
16039,70
16037,68
27133,55
19027,43
27131,74
16033,69
27137,70
19023,52
27135,70
51800,76
51059,179
12051,49
12053,137
12055,51
39159,106
12057,152
12059,25
42019,77
46049,50
46047,50
42011,46
46045,50
42013,86
46043,50
42015,28
46041,50
42017,38
51159,54
48347,37
51153,179
51155,92
51157,54
48345,47
48343,36
21097,45
21095,10
21093,10
21091,22
48341,59
55001,211
21099,22
26067,201
05099,64
26065,214
26063,149
26061,40
02261,11
26069,149
17189,61
17181,61
17183,61
17185,61
17187,61
01069,15
17165,61
17163,22
17161,61
01061,15
01063,15
01065,15
01067,15
49023,38
48329,41
54087,38
48321,37
48323,36
48325,34
48327,81
48101,47
48103,47
48105,38
48107,41
48109,36
48459,30
13099,49
13097,85
13095,60
13093,60
13091,60
48215,106
36119,475
13259,60
48213,37
13255,145
13257,74
13251,49
13253,46
48079,36
48075,47
48077,30
48071,43
48073,47
24025,70
53001,79
24027,70
24021,70
20059,24
24023,36
20055,24
20057,24
24029,36
20051,24
20053,24
01087,15
01085,15
01083,15
01081,15
53005,102
40149,14
01089,15
05149,76
18181,100
18183,153
05147,76
54025,16
54023,16
54021,38
55037,51
54029,38
53003,29
30015,40
30017,40
30011,40
30013,33
31019,34
31017,34
35061,59
31015,34
30019,40
31013,34
31011,34
15007,66
15005,66
48507,36
15003,66
30065,50
15001,66
15009,66
51069,92
39023,159
23011,101
28091,63
23013,101
28093,56
23015,101
28095,56
23017,101
28097,63
23019,99
28099,56
31169,34
54053,38
02020,11
47079,10
49025,38
47071,10
47073,30
47075,22
39029,106
47077,10
55061,68
19103,33
27039,69
19101,25
51036,75
19107,25
55067,128
19105,44
27033,52
51735,95
27031,46
19109,43
27037,146
27035,64
55031,89
47105,6
47107,10
47101,10
47103,10
47109,10
27107,52
27105,52
27103,78
27101,53
29067,45
27109,69
39049,115
16029,69
19039,43
39041,106
19037,34
39043,82
16023,69
39045,115
16025,70
39047,89
16027,100
51810,78
33015,88
48373,36
12043,25
12041,49
12047,25
48395,32
12045,50
12049,25
33011,88
46059,50
46051,50
01009,15
46055,50
46057,50
37029,17
51149,85
13149,65
51143,121
29069,45
51147,102
56021,68
51145,83
33019,88
21081,33
48397,80
21083,22
21085,22
21087,22
21089,33
26071,40
26073,163
26075,139
26077,168
26079,114
47047,22
42103,28
51063,73
17153,61
48269,47
17151,61
46071,50
17157,61
17155,73
48181,46
05091,64
17159,61
05095,76
05097,76
46077,50
36047,459
13319,49
13315,49
13317,49
13311,74
13313,74
48185,39
17081,61
42007,77
17083,61
17085,33
17087,61
17089,60
05145,76
42109,50
05143,76
05141,76
49027,38
48469,41
48467,37
48465,36
45063,75
48463,37
48461,47
20119,24
20115,24
20117,24
20111,24
20113,24
36123,232
36121,349
13229,49
48263,47
48265,79
48267,38
13221,60
13223,85
13225,67
13227,74
55091,58
40049,30
55059,53
40045,14
40047,30
40041,14
40043,30
48009,30
48001,37
48003,47
48005,36
48007,48
20029,24
24037,36
24035,36
24033,70
24031,70
20021,24
20023,24
20025,24
20027,24
24039,36
13135,169
13137,74
13131,46
13133,109
55051,92
40139,14
13139,85
55053,125
56017,68
54013,38
54011,38
54017,38
54015,38
54019,38
48485,30
48487,36
38019,38
48483,47
38015,48
38017,48
05049,76
38011,38
38013,25
05047,64
48169,47
30007,40
31029,34
30005,40
30003,40
30001,40
31023,34
56019,68
31021,34
31027,34
31025,34
30009,50
55027,211
23003,81
23001,112
28069,56
23007,112
31159,34
23005,101
28065,64
28067,63
23009,81
28061,56
28063,63
27025,89
27027,62
27021,62
27023,59
47063,6
47061,10
27029,56
47065,10
40131,30
55071,79
55077,116
19139,61
55075,79
19137,43
19135,34
55079,74
19133,70
40133,14
19131,52
40135,30
50021,32
50027,32
50025,32
40137,14
02050,11
47117,10
47115,10
47113,10
13035,145
47119,10
27111,63
13037,49
27115,63
27117,55
27119,70
40035,30
28115,56
19009,52
39059,67
28111,56
28113,63
19003,25
39053,89
19001,52
39051,108
19007,52
39057,149
19005,56
39055,117
02130,11
12079,25
12077,25
12075,49
12073,26
12071,52
51177,131
49011,83
51175,54
51173,54
51171,73
49013,45
51179,152
51775,92
42093,50
51770,92
48449,36
49015,38
46083,60
46081,50
46087,50
49017,38
46085,50
49055,38
46089,50
49051,45
49053,45
21079,33
21075,22
21077,33
21071,33
21073,33
26089,114
26085,114
26087,164
26081,155
26083,40
21219,10
05089,76
17149,62
21211,33
05083,64
21213,10
05081,64
21215,33
05087,76
21217,45
05085,76
21189,22
13309,49
21181,33
13307,49
21183,10
13305,60
21185,39
13303,49
21187,45
13301,49
12095,90
17093,34
12097,161
17091,89
12091,74
17097,44
12093,50
17095,73
17099,73
12099,171
48201,75
48479,45
36111,401
48471,40
48473,45
48475,47
48477,39
55025,174
20109,24
20107,24
20105,24
20103,24
20101,24
51075,83
55021,164
51073,95
48273,54
13239,46
48277,36
48275,47
13233,74
13231,85
13237,60
13235,60
41055,39
41057,40
41051,100
01079,15
41053,104
40059,30
44005,46
40057,30
44007,46
08125,79
41059,22
08123,149
44003,46
08121,79
48019,77
29099,65
29097,51
48013,34
29095,31
48011,44
29093,45
48017,36
29091,45
48015,34
24003,70
24001,36
20039,24
24005,70
20033,24
24009,70
20031,24
20037,24
20035,24
37087,17
13127,60
37085,17
13125,49
37083,17
13123,74
37081,17
13121,169
40129,30
37089,17
13129,75
54009,38
54005,38
54007,16
54001,38
54003,16
48497,34
48495,47
48493,34
38009,38
38007,38
48167,53
38005,51
38003,38
38001,38
30033,40
30031,40
30037,40
30035,40
30039,40
18035,98
18037,99
18031,78
18033,77
48489,80
18039,149
29075,5
31149,34
29077,51
29071,65
29073,45
28079,56
28077,64
28075,56
29079,5
28073,56
23031,101
28071,56
47057,6
47055,10
02195,11
47051,10
02198,11
47059,30
27051,57
27053,161
27055,66
27057,60
27059,71
50017,32
19129,61
50015,32
50013,32
50011,32
55047,116
19121,70
55045,182
19123,25
55043,194
19125,70
51540,73
19127,43
35001,59
31035,34
35003,59
31037,34
35005,59
31031,34
35007,59
31033,34
35009,59
31039,34
48441,41
46123,50
48443,36
46125,50
47123,6
47121,10
47127,10
47125,27
48445,47
47129,6
46127,50
39067,67
19015,70
39065,88
19017,70
39063,71
19011,62
39061,181
19013,71
19019,71
39069,108
28107,56
28105,56
28103,56
28101,56
39001,89
28109,63
39003,129
45017,76
12069,94
01043,15
12061,123
12063,25
12065,25
12067,25
29211,45
51163,54
51165,73
51167,54
51169,54
29213,45
48451,32
51760,104
29215,45
48045,47
29217,5
49049,83
46095,50
46097,50
46091,50
46093,50
21069,45
21067,40
21065,33
21063,33
21061,10
48297,47
26099,250
26097,40
26095,40
26093,163
26091,114
56043,68
30099,40
46015,50
56041,68
17139,70
31157,34
21209,39
17131,61
21203,33
17133,22
21201,45
17135,61
21207,10
17137,62
21205,45
21199,33
21193,33
21191,33
21197,45
21195,10
12086,172
12087,27
12085,77
12083,92
12081,133
12089,66
17045,61
17047,61
36103,393
17041,61
17043,93
20133,24
20131,24
17049,61
20135,24
13207,60
36109,246
13205,46
13201,49
13209,60
36065,386
48249,54
48247,36
48245,68
48243,36
48241,48
45015,75
41047,104
08119,107
41045,22
45011,75
41043,60
45013,75
41041,40
08113,49
08111,49
08117,112
08115,79
41049,39
20007,24
29089,45
20005,24
46017,50
20003,24
20001,24
29081,5
29083,5
29085,45
20009,24
29087,5
24019,36
24015,36
24017,70
24011,36
24013,70
13113,145
37091,17
13111,74
37093,17
13117,194
37095,17
13115,75
12007,66
40117,30
37099,17
13119,74
36069,232
40113,30
40111,30
09015,83
46019,50
54079,38
54071,16
09011,83
54073,38
54075,16
54077,38
38039,51
09013,83
38033,38
38031,38
54047,16
38037,38
38035,51
47067,30
54049,38
51790,73
34019,43
30029,40
55073,139
34011,64
30025,40
34013,64
30027,40
34015,70
30021,40
34017,64
30023,40
54105,38
18027,147
54107,38
18025,99
54101,16
18023,99
54103,38
18021,98
54109,16
18029,77
38105,38
38103,38
51009,121
38101,38
23029,81
28049,62
29065,45
29063,5
29061,5
28043,63
23021,99
28041,56
23023,101
28047,56
23025,99
28045,63
23027,112
02180,11
47043,10
47045,10
02185,11
47049,10
02188,11
01073,15
51550,78
27043,66
27041,61
27047,68
27045,65
53049,35
27049,70
50001,32
50003,32
50005,32
50007,32
50009,32
51570,85
55055,211
55057,242
31041,34
35013,59
31043,34
35011,59
31045,34
35017,59
31047,34
35015,59
31049,34
35019,59
51680,121
51683,155
51685,155
47139,10
50023,32
47135,10
47137,10
47131,10
47133,10
19061,44
39071,89
19063,46
39073,67
19065,65
39075,67
19067,52
39077,82
19069,52
39079,67
37189,17
28133,63
28131,56
28137,56
28135,63
28139,56
55017,71
19099,70
51199,95
53021,107
40013,14
51195,54
51197,73
16049,69
51191,54
51193,93
22081,34
22083,34
40011,30
22085,34
22087,34
16047,70
22089,34
40017,30
16045,88
40015,14
26035,114
19091,43
21059,10
21053,22
21051,33
19093,61
21057,22
21055,22
02220,11
21237,45
21235,33
21233,10
21231,22
53045,33
53047,39
47111,10
53041,71
21239,39
17129,62
13321,60
17123,80
17121,61
17127,61
17125,62
48179,59
26135,124
26137,124
26131,40
26133,114
26139,127
20125,24
20127,24
20121,24
20123,24
20129,24
17057,73
17055,61
17053,61
17051,61
48383,49
48381,56
48187,34
48387,47
17059,61
13211,60
12131,74
13215,128
13217,96
13219,120
01041,15
53035,67
48259,77
48251,37
48253,41
48255,48
48257,35
45007,75
41071,81
45005,75
45003,75
45001,75
48039,53
45009,75
20011,24
20013,24
20015,24
20017,24
20019,24
01047,15
28117,56
40109,30
37069,12
13109,60
37065,17
13105,109
37067,29
13107,60
37061,29
13101,60
37063,23
13103,60
48221,39
04009,9
38025,38
29183,65
38027,51
29185,5
38021,38
29187,65
29186,65
04001,9
54063,16
04003,9
54061,38
04005,9
38029,38
04007,9
54065,16
28119,56
08105,79
08107,49
08101,107
08103,49
48059,41
08109,79
30059,40
34009,70
30051,40
34003,64
30053,40
34001,70
30055,40
34007,70
30057,40
34005,70
18013,99
16021,67
18011,166
18017,101
18015,99
18019,139
28055,56
28057,56
28051,63
28053,63
28059,56
29053,45
29051,45
29057,45
29055,45
29059,45
48385,36
37119,23
36015,107
13213,74
27079,71
27077,52
31185,34
27075,46
27073,54
37139,17
27071,62
31183,34
48481,39
31053,34
31051,34
31057,34
35029,59
31055,72
35027,59
35025,59
31059,34
35023,59
35021,59
55083,79
55081,125
55087,100
55085,139
55089,110
47149,27
51690,73
36019,363
47141,10
47143,10
47145,6
47147,27
19073,43
19071,43
39089,115
19077,43
19075,52
39085,169
39087,67
19079,52
39081,89
39083,67
28129,56
35057,59
28125,56
28127,56
28121,62
28123,56
35055,70
16083,70
16081,69
16087,88
16085,70
02150,11
51610,134
51187,103
51185,73
51183,86
51181,76
27095,58
22093,34
27097,57
22091,34
27091,66
22097,43
27093,59
22095,34
22099,49
27099,65
21045,45
21047,10
21041,45
21043,33
17203,80
17201,40
21049,39
53023,29
48033,47
02230,11
48035,49
48037,41
39033,67
51678,73
17117,61
21221,22
17115,70
21223,33
05059,76
21225,22
17111,34
21227,10
05055,76
21229,33
05057,64
53055,27
05051,76
53053,125
05053,76
53051,15
36099,232
36097,107
36095,454
36093,454
36091,454
51670,85
42087,50
26127,126
42085,59
26125,250
42083,52
26123,114
42081,17
26121,126
42089,33
26129,134
20151,24
10005,52
20153,24
20155,24
10001,52
20157,24
10003,52
20159,24
17063,34
48423,41
17061,61
17067,61
17065,61
17069,61
48421,47
56029,68
30077,40
34021,64
48427,63
30075,40
48425,50
30073,40
49057,83
34025,70
45033,75
45031,76
45037,75
30071,40
45035,75
41065,49
45039,76
41067,100
41061,22
41063,22
48283,36
48281,43
48287,88
48285,37
34029,70
48289,38
13179,60
36077,386
36071,455
36073,349
37079,17
13171,85
37077,17
13173,60
37075,17
13175,50
37073,17
13177,60
37071,28
54057,16
54055,16
08009,79
54051,38
08005,142
08007,59
32021,110
08001,159
08003,79
38051,38
38053,25
04019,8
38055,38
29197,45
38057,38
29195,5
04012,10
04013,13
04011,9
04017,9
04015,9
42117,28
13005,49
13007,60
13001,60
13003,49
19183,43
40009,30
13009,49
19181,88
30043,40
30041,40
30047,50
19187,43
18009,98
40101,30
18005,98
18007,100
18001,153
18003,153
20205,24
20207,24
40103,30
20201,24
20203,24
28029,56
45091,76
37133,29
20209,36
40105,14
37107,17
37105,12
29049,5
37101,40
29045,45
29047,31
29041,45
29510,65
29043,45
27069,69
27061,67
27063,55
27065,64
27067,64
34037,64
35039,70
34035,64
34033,64
31069,34
31067,34
35031,59
31065,34
35033,59
31063,34
35035,59
31061,34
35037,59
51021,73
02090,11
55099,92
06089,51
55015,100
19191,56
55095,37
19193,73
55097,139
19195,43
51023,92
19197,43
55093,37
31085,34
31087,34
47159,10
31081,34
31083,34
46037,50
47153,10
47151,6
31089,34
47157,22
47155,6
29181,45
46035,50
51027,54
19049,88
39099,117
19047,43
39097,98
19045,71
39095,194
19043,75
39093,169
19041,46
39091,67
28159,63
51029,102
54069,38
39149,109
28151,63
28153,63
46031,50
28155,56
28157,63
38023,25
48379,36
55019,92
29189,65
05129,76
39147,82
36059,393
48049,36
54067,16
27087,53
27085,58
27083,63
27081,52
51730,85
40061,30
48371,47
27089,69
21031,10
21033,22
21035,22
21037,33
21039,22
48377,36
22045,43
39111,89
22047,34
22041,34
05123,76
22043,34
25027,77
16059,69
25025,67
22049,34
25023,67
25021,71
06065,96
06067,89
06061,89
06063,51
06069,56
51640,73
56015,68
17101,61
53069,35
17103,33
56011,68
17105,75
56013,68
17107,62
53063,118
17109,73
53061,141
05045,76
53067,117
05043,76
53065,54
05041,76
36089,328
21149,10
17145,61
21145,10
36081,459
21147,10
36083,454
21141,10
36085,459
21143,22
36087,400
17147,61
40075,30
48291,46
17141,40
26113,114
42091,38
26111,114
40077,30
26117,201
42095,55
26115,168
42097,50
49019,45
42099,53
26119,124
17143,80
40071,14
20143,24
20141,24
20147,24
20145,24
46135,50
20149,24
17079,61
17075,61
17077,61
17071,61
17073,61
51019,121
40079,30
48413,38
41019,56
45029,75
41011,49
45025,76
41013,23
45027,75
41015,32
45021,75
41017,29
45023,76
24047,36
24045,36
24043,36
48299,93
24041,36
29219,65
48295,47
40031,30
53025,83
42133,41
48293,50
51045,92
53013,47
36067,246
37049,17
13169,60
36063,210
36061,459
37043,17
13163,60
37041,17
13161,60
37047,29
13167,49
37045,28
13165,49
04027,9
54041,16
04025,9
54043,38
04023,9
54045,38
04021,9
08019,78
08017,79
08014,126
08015,79
08013,155
08011,79
38043,38
38041,38
38047,38
38045,38
38049,38
13017,49
13015,111
13013,146
30109,40
13011,74
30107,40
30105,40
40019,30
30103,40
30101,40
13019,60
18079,98
18071,110
18073,92
18075,98
46107,50
18077,91
28033,62
28031,63
28037,64
28035,56
48189,47
28039,56
29039,45
37131,17
37137,17
37135,40
29031,45
29033,5
29035,45
29037,25
47099,10
47093,6
47091,30
47097,22
47095,10
40037,30
18105,99
19025,43
18107,147
18101,99
18103,141
39035,169
18109,118
16035,69
51071,92
39037,109
19021,25
39031,67
29145,52
31079,34
29147,5
34023,64
29141,45
16031,80
29143,45
34027,64
31071,34
31073,34
29149,45
31075,34
30079,40
31077,34
47167,22
06099,76
47165,27
19189,43
47163,30
47161,10
06091,51
06093,51
06095,87
47169,27
06097,87
31097,34
31095,34
31093,34
31091,34
31099,34
19059,46
55039,159
49021,45
19051,34
19053,52
19055,44
19057,51
31141,34
28149,56
51740,78
28143,56
28141,56
28147,64
28145,56
37113,17
22123,34
22121,40
22127,34
22125,34
02170,11
31143,34
39135,138
39137,88
39131,89
39133,134
51720,54
39139,84
21023,45
21021,45
21027,22
21025,22
21029,39
22057,34
25019,27
22055,49
22053,34
22051,34
25013,63
25011,73
25017,80
25015,59
22059,34
06077,76
06075,108
06073,105
06071,96
31145,34
06079,34
48271,36
51650,95
56007,68
05079,76
56005,68
56003,68
56001,68
05073,64
05071,64
05077,76
53031,69
05075,76
56009,68
48183,30
21159,10
21157,22
21155,45
21153,10
21151,33
48279,47
31147,34
46121,50
49003,62
49001,38
42069,28
26109,40
49005,51
42065,45
26105,114
42067,48
26107,114
42061,45
26101,124
42063,35
26103,40
48359,47
40107,14
20179,24
20177,24
53033,190
20175,24
20173,24
20171,24
17009,70
17001,62
44009,46
17003,61
17005,61
17007,40
31181,34
53075,46
53077,81
53071,106
53073,52
40051,30
40055,30
45051,75
41003,60
45053,75
40033,14
45055,76
41007,61
45057,76
40053,14
29203,45
29201,45
29207,45
29205,45
29209,45
13157,145
37055,17
13155,49
37057,29
01019,15
37051,17
13151,7
37053,17
01015,15
01017,15
01011,15
37059,29
01013,15
36053,386
33009,88
36057,517
36055,232
33003,77
48409,48
33001,88
33007,88
33005,88
09007,83
08029,49
09005,83
09003,83
09001,83
08023,79
08021,79
08027,108
08025,108
09009,83
48175,41
48177,36
48171,79
38079,38
38077,38
38075,38
38073,38
48407,32
38071,51
20195,24
20197,24
20191,24
20193,24
40025,30
20199,24
13023,60
13021,68
13027,49
13025,60
01121,15
30111,50
01123,15
39005,120
01125,15
55013,89
01127,15
35028,70
18069,141
18063,166
18061,139
18067,141
18065,147
28009,56
28007,63
28005,56
28003,56
28001,63
29029,45
37129,29
39007,128
29023,45
29021,5
29027,45
29025,5
18117,99
18115,90
18113,113
18111,92
18119,99
45077,75
51007,94
40123,30
24510,70
38095,38
29157,45
38097,48
29155,45
38091,51
29153,45
38093,38
29151,45
30069,40
38099,51
53057,42
29159,5
47171,30
47173,6
39129,106
37115,17
47179,30
40125,30
51005,54
47027,10
47085,10
47087,10
45079,75
47083,10
47089,6
55141,139
19083,52
19081,43
37117,17
22113,49
42037,50
19085,43
16055,67
16057,69
16051,69
16053,70
51003,73
48375,56
51710,78
02164,11
48199,42
51087,104
39127,67
51085,143
39125,71
51083,102
39123,82
51081,54
39121,67
31155,34
51089,73
37111,17
25005,71
25007,27
25001,64
21019,33
25003,42
21017,39
21015,33
21013,10
25009,67
21011,45
22063,34
22061,34
22067,34
22065,34
51001,54
22069,34
06043,76
53029,52
06041,87
49009,38
06047,56
06045,51
48389,47
46119,50
48197,36
06049,51
51660,73
31153,72
56033,68
56031,68
56037,68
56035,68
56039,68
21169,22
32031,188
32033,97
21163,22
21161,45
21167,33
21165,45
48195,47
49031,38
51049,102
48355,48
46029,50
31151,34
49039,38
42079,28
46025,50
42077,55
46027,50
42075,53
46021,50
36079,343
46023,50
42071,51
20169,24
48349,49
20161,24
20163,24
20165,24
20167,24
51043,103
17019,61
48353,47
51590,121
17013,61
17011,61
17017,70
17015,33
48193,49
55035,71
17167,70
51047,93
51017,54
48491,93
55033,71
26005,129
05065,76
26007,124
05067,76
26001,124
05061,64
26003,40
05063,76
53009,30
55049,164
02282,11
26009,124
05069,76
48505,36
45049,75
48501,47
48503,36
45043,75
45041,76
45047,75
45045,75
51750,92
50019,32
48499,47
37021,17
13141,49
37023,29
13143,40
37025,23
13145,37
37027,29
13147,65
17113,75
01007,15
01005,15
01003,15
01001,15
42107,55
42105,40
36049,328
42101,38
36045,328
17169,70
36041,386
36043,386
38069,38
48165,47
48163,36
48161,49
38061,25
38063,51
38065,48
38067,38
20187,24
20185,24
20183,24
20181,24
20189,24
41037,22
40039,30
41035,62
41033,72
13039,60
41031,23
01133,15
01131,15
13031,49
41039,40
13033,60
18057,166
18055,99
48095,81
18053,76
18051,99
18059,147
31163,34
29017,45
28019,56
29015,5
29013,5
29011,45
28011,63
28013,56
28015,63
29019,45
28017,56
37159,23
08035,155
08037,100
08031,142
08033,49
37151,17
37153,17
37155,17
08039,137
37157,17
53037,27
18123,99
18121,98
18127,134
18125,99
51520,54
31161,34
18129,77
55041,103
29163,45
38087,38
29161,45
38085,38
29167,45
38083,38
29165,25
38081,38
30095,50
40121,14
29169,45
30091,40
30093,40
38089,38
45059,75
47189,27
48453,93
47185,10
47187,27
49007,38
47181,10
47183,10
41009,76
31167,34
48457,48
28161,63
28163,56
48455,36
40127,30
39013,89
48031,81
22101,43
22103,50
22105,34
22107,34
22109,34
19097,53
16043,69
16041,69
31165,34
41005,100
51700,95
44001,46
02110,11
39113,190
51091,54
32510,150
51093,95
39117,106
51095,95
39115,67
51097,73
51099,103
39119,67
39019,167
21009,22
21001,22
21003,10
21005,33
21007,10
48357,47
22079,40
22075,34
22077,34
22071,49
22073,34
46103,50
46101,50
06059,107
46105,50
06055,87
06057,51
06051,28
06053,56
27165,66
53017,58
27167,56
27161,65
27163,145
27169,68
21175,33
53043,49
21177,10
21171,22
21173,33
51067,92
56025,68
56027,68
21179,33
56023,68
32027,97
32023,131
30087,40
13153,67
32029,150
30085,40
53015,52
30083,40
49029,45
42049,77
46039,50
42043,53
26163,250
42041,53
26161,184
42047,34
46033,50
42045,38
26165,114
17027,61
17025,61
17023,61
17021,70
05125,76
05127,64
05121,76
17029,61
48225,36
13159,60
51820,73
47053,10
48081,49
42115,28
36051,232
05011,76
26017,162
05013,64
26015,114
05015,76
26013,40
05017,76
26011,149
05019,76
42111,62
02290,11
53019,15
26019,114
42113,28
42033,45
48227,47
46063,50
29229,45
36113,454
29221,65
29223,45
29225,45
29227,6
37033,23
01039,15
37031,17
37037,40
37035,29
01033,15
42119,50
01031,15
37039,17
01037,15
01035,15
36117,232
36039,454
46069,50
42131,28
48191,47
36031,421
36033,328
36115,454
36035,517
36037,349
46109,50
54099,38
54093,16
54091,38
54097,16
54095,38
48153,47
48151,47
48157,60
48155,36
48085,95
48405,36
48159,36
48401,30
48403,36
01107,15
01105,15
01103,15
01101,15
01109,15
13049,60
41021,39
45075,75
41023,22
45073,75
41025,22
45071,76
41027,74
48089,37
41029,49
13043,49
13045,74
13047,71
18041,91
18043,91
48223,36
18045,99
18047,90
18049,93
48087,47
55078,11
29001,45
29003,5
29005,5
29007,45
29009,45
31171,34
08041,161
08043,108
37149,17
08045,78
08047,78
51011,121
08049,78
37143,17
37141,29
37147,17
37145,23
51013,134
31139,34
48173,47
51025,54
31135,34
31137,34
31131,34
31133,34
51015,73
18139,90
18135,98
18137,90
18131,149
18133,99
31173,34
53059,21
29179,45
30089,40
29175,45
29177,25
29171,45
29173,45
35006,59
17119,22
31175,34
